Measure,NO GRADUADO A TIEMPO,GRADADO A TIEMPO
Mean,93.35265390292135,103.94339578129409
Lower,12.382973806755617,12.14404428764706
Upper,489.0787843782305,548.0715034838236
